Title,Score,URL,Number of Comments,Post Content,Top Comments,processed_text
Amazon CEO hints new AI Alexa will complete your tasks | Fortune,10,https://fortune.com/2024/11/01/new-amazon-ai-alexa-agent-andy-jassy-chatgpt/,1,,You mean completing the tasks of turning my lights off? Or finishing the cooking I set the timer for?,mean completing task turning light finishing cooking set timer
Over 500 Amazon workers decry â€œnon-data-drivenâ€ logic for 5-day RTO policy - Ars Technica,50,https://arstechnica.com/tech-policy/2024/10/over-500-amazon-workers-decry-non-data-driven-logic-for-5-day-rto-policy/,16,,These workers are gonna get fired. Courageous of them tho | 500 with say avg 2 year tenure so avg 2 paychecks or maybe floor of 2 month salary; say $20k severance times 500â€¦saving Amazon $10million | the CEO of AWS already told people if they donâ€™t like it to leave.  this company doesnâ€™t give a shit about itâ€™s employees since they are all replaceable.  People signing that letter donâ€™t realize they have absolutely no leverage.  Theyâ€™ll get replaced by someone with who will get less RSUs,worker gonna get fired courageous tho say avg year tenure avg paycheck maybe floor month salary say k severance time saving amazon million ceo aws already told people dont like leave company doesnt give shit employee since replaceable people signing letter dont realize absolutely leverage theyll get replaced someone get le rsus
Amazon Adds Shepard Smith To Its 'Election Night Live With Brian Williams' - Forbes,6,https://www.forbes.com/sites/markjoyella/2024/10/30/amazon-adds-shepard-smith-to-its-election-night-live-with-brian-williams/,6,,"In replacement of Remarkable Alexa as William's co-host due the continuing delays of the release of Remarkable Alexa? | Jeff Bezos is a coward. He has business in front of the US Government and made a business decision. It is time for us to do the same - make a business decision. Let's get one million Amazon Prime Subscribers to cancel their memberships.

If Democracy dies in the Darkness, then Amazon should suffer in the Sunlight.",replacement remarkable alexa williams cohost due continuing delay release remarkable alexa jeff bezos coward business front u government made business decision time u make business decision let get one million amazon prime subscriber cancel membership democracy dy darkness amazon suffer sunlight
Review Thursday - All about Reviews,0,https://www.reddit.com/r/amazon/comments/1ggbqoa/review_thursday_all_about_reviews/,4,This thread is a place for questions and general discussion about reviews at Amazon. (This thread is **not** for posting reviews of your own.),Wondering if Amazon makes any effort to remove fake reviews?  Or if they have any means to tell such as the person is dropping non stop reviews on the site. | Nothing beats a good review bingeâ€”it's like window shopping without the wallet guilt! | It looks like amazon no longer has a top 100 link on their products for reviews. Anyone else see that?,wondering amazon make effort remove fake review mean tell person dropping non stop review site nothing beat good review bingeits like window shopping without wallet guilt look like amazon longer top link product review anyone else see
Worker Wednesday - Workers and Sellers,0,https://www.reddit.com/r/amazon/comments/1gfjsrs/worker_wednesday_workers_and_sellers/,1,"This thread is a place for questions and general discussion for everyone trying to make a living via Amazon (i.e., working or selling at Amazon). **No self-promotion or advertising is allowed in this thread.** That includes promotional account names, any mention of your products, linking anything you own, and anything else disallowed in the [subreddit rules](https://www.reddit.com/r/amazon/about/rules).",Always fascinating to hear the behind-the-scenes stories from those who make it all happen!,always fascinating hear behindthescenes story make happen
Tablet Tuesday - Kindle and Fire Tablet,1,https://www.reddit.com/r/amazon/comments/1gerssb/tablet_tuesday_kindle_and_fire_tablet/,3,This thread is a place for questions and general discussion about Amazon tablets.,Just snagged a Fire Tabletâ€”perfect for binge-watching and reading on the go!,snagged fire tabletperfect bingewatching reading go
Meltdown Monday - Complaint Department,1,https://www.reddit.com/r/amazon/comments/1gdz7hi/meltdown_monday_complaint_department/,13,"Amazon doesn't read this, but maybe you'll feel better after posting.

**Important notes:**

1. **Only top-level comments are allowed here.** Any replies to comments are automatically and silently removed.
2. Please follow [reddiquette](http://www.reddit.com/help/reddiquette) and the [subreddit rules](https://www.reddit.com/r/amazon/about/rules).","Where are we all shopping now that Bezos is a proven coward cowed into silence by Trump? I just can't anymore. Such a bummer. | Just had the worst customer experience ever. I'm not completely done with Amazon but will definitely be changing my buying habits.

Amazon sent me a used bathtub spout, missing parts. I contacted support and they said they would refund me, no need to return the item. Over week goes buy and I see no refund. I chat with a new associate and he says he is sorry for the ""false promise"" of the other associate and he will print a label for me to return the item. This whole process took almost 20 minutes.

I told him it could be a ""true promise"" if he just honors the original agreement. The new guy would not even consider it. I can't believe I would have been stuck with this item with no refund if I had not been keeping careful watch on my checking account.

A very weak apology from the chat and I told him that I would definitely be shopping elsewhere because of this. Guy did not care but he's probably trained not to care.

It is amazing to me how a company like Amazon is so willing to just throw away a customer (family of 8) who spends thousands over an $11 item that is essentially broken and they will just throw away. | My account has been hacked twice since last Friday.  
  
This second time, I'd changed my password, put in 2 step verification which requires a text message be sent to my phone to log in, and still I go to log in later in the day, and the hacked account email is back in place of mine.

I truly feel that the issue is that someone who works there has access to my account, so I have no idea how to stop it.  I'm going to call support again tomorrow and will hopefully get this resolved once and for all, but if the issue is that someone who works at Amazon is hacking my account, what can I do???",shopping bezos proven coward cowed silence trump cant anymore bummer worst customer experience ever im completely done amazon definitely changing buying habit amazon sent used bathtub spout missing part contacted support said would refund need return item week go buy see refund chat new associate say sorry false promise associate print label return item whole process took almost minute told could true promise honor original agreement new guy would even consider cant believe would stuck item refund keeping careful watch checking account weak apology chat told would definitely shopping elsewhere guy care he probably trained care amazing company like amazon willing throw away customer family spends thousand item essentially broken throw away account hacked twice since last friday second time id changed password put step verification requires text message sent phone log still go log later day hacked account email back place mine truly feel issue someone work access account idea stop im going call support tomorrow hopefully get resolved issue someone work amazon hacking account
"Weekly Help and Discussion Thread for the week of October 28, 2024",1,https://www.reddit.com/r/amazon/comments/1gdyb9s/weekly_help_and_discussion_thread_for_the_week_of/,170,"This thread is a place for Amazon questions and general discussion. This is also the *only* place you may ask individual questions about delivery, shipping, returns, and account issues.

If you want to complain about something, please use the Meltdown Monday thread instead.

*Make a top-level comment if you want to ask a question or start a discussion! Also, please don't downvote questions!*

**A big thank you to the many people who take time to answer other people's questions!**

For past help threads, please search the [Weekly Archive](https://www.reddit.com/r/amazon/search?q=title%3A%28%22Weekly+Help%22%29+author%3AAutoModerator&restrict_sr=on&sort=new&t=year).","Is there any way to filter out international items on amazon.sg? I dont see any filters for it and i am not interested in items located internationally... | If I were to get a refund and have it credited to my Amazon account instead of the card I originally used, will the refund still show up on my bank statement? | >Account locked temporarily  
We have detected unusual activity on your account and have locked it temporarily. Please contact customer service for further assistance.

My [amazon.com](http://amazon.com) account was locked, it was a couple of months ago, but I gave up trying to unlock it back then. I'm not exactly sure how it happened. If I remember correctly I tried to use my AWS password to log in by mistake, but I don't know why my account was locked.

>Please contact customer service for further assistance.

Now the problem is that every attempt to contact the customer service results in a redirection to a goddamn login page, where guess what... I can't log in!  
I've tried everything and it seems like it's impossible to resolve this issue. I've found some page that describes the process of unlocking, but only if it was locked due to 'unusual payments' (I haven't made any) and it requires some mail from Amazon which I don't have.",way filter international item amazonsg dont see filter interested item located internationally get refund credited amazon account instead card originally used refund still show bank statement account locked temporarily detected unusual activity account locked temporarily please contact customer service assistance amazoncom account locked couple month ago gave trying unlock back im exactly sure happened remember correctly tried use aws password log mistake dont know account locked please contact customer service assistance problem every attempt contact customer service result redirection goddamn login page guess cant log ive tried everything seems like impossible resolve issue ive found page describes process unlocking locked due unusual payment havent made requires mail amazon dont
Meet The Creator Who Crashed Amazon's Top 10 Without Permission - Forbes,3,https://www.forbes.com/sites/ianshepherd/2024/10/27/meet-the-creator-who-crashed-amazons-top-10-without-permission/,1,,a wild markiplier wtf,wild markiplier wtf
Amazon's datacenter buildout is pushing limits - Fortune,3,https://fortune.com/2024/10/24/amazons-datacenter-buildout-is-pushing-limits/,1,,How is that considered an article?,considered article
Amazon brings gas benefit to Prime membership | Fox Business,33,https://www.foxbusiness.com/technology/amazon-brings-gas-benefit-prime-membership,16,,Here amazon promoting again to raise our monthly | Yeah competing with Walmart+ which you can use the discount at ExxonMobil. Which is the way better deal. Amazon's discount doesn't even cover half the country. It dumb and pointless. | Only at ARCO AMPM might as well give us nothing.,amazon promoting raise monthly yeah competing walmart use discount exxonmobil way better deal amazon discount doesnt even cover half country dumb pointless arco ampm might well give u nothing
Worker Wednesday - Workers and Sellers,1,https://www.reddit.com/r/amazon/comments/1ga7ppq/worker_wednesday_workers_and_sellers/,3,"This thread is a place for questions and general discussion for everyone trying to make a living via Amazon (i.e., working or selling at Amazon). **No self-promotion or advertising is allowed in this thread.** That includes promotional account names, any mention of your products, linking anything you own, and anything else disallowed in the [subreddit rules](https://www.reddit.com/r/amazon/about/rules).","I was looking at working at a fulfillment center. However, I can't find those jobs on amazon.com/careers. Are they listed somewhere else? | # Does it help Amazon employees at all to fill out the customer service survey after a help chat?",looking working fulfillment center however cant find job amazoncomcareers listed somewhere else help amazon employee fill customer service survey help chat
AWS CEO Matt Garman Says Amazon RTO Mandate Is Better for Innovation,69,https://www.businessinsider.com/aws-ceo-matt-garman-amazon-rto-mandate-innovation-2024-10,78,,"But is treating your employees like shit better for innovation? | They didnâ€™t release any tech survey data, Connection scores, or any metric of productivity to justify the last 2 years of RTO mandates. In fact the only numerical datapoint cited is â€œ9 out of the 10 peopleâ€ he talked to are excited about RTO, a blatant fabrication. | Nothing says innovation like sitting in an open office with 30 other developers sneezing coughing and farting and sharing a toilet seat with them. Indeed, best creative environment.Â ",treating employee like shit better innovation didnt release tech survey data connection score metric productivity justify last year rto mandate fact numerical datapoint cited people talked excited rto blatant fabrication nothing say innovation like sitting open office developer sneezing coughing farting sharing toilet seat indeed best creative environment
Tablet Tuesday - Kindle and Fire Tablet,0,https://www.reddit.com/r/amazon/comments/1g9fcwm/tablet_tuesday_kindle_and_fire_tablet/,1,This thread is a place for questions and general discussion about Amazon tablets.,"I think Alexa should be optional. We should be able to remove it from our Kindles, or it should be a selection when we buy them. 

I don't want the spyware on my unit.",think alexa optional able remove kindles selection buy dont want spyware unit
Meltdown Monday - Complaint Department,1,https://www.reddit.com/r/amazon/comments/1g8mxjt/meltdown_monday_complaint_department/,17,"Amazon doesn't read this, but maybe you'll feel better after posting.

**Important notes:**

1. **Only top-level comments are allowed here.** Any replies to comments are automatically and silently removed.
2. Please follow [reddiquette](http://www.reddit.com/help/reddiquette) and the [subreddit rules](https://www.reddit.com/r/amazon/about/rules).","Curious if anyone else has had a similar experience recently.  DM me if so.

Amazon seems to taking a new approach with customer service.

It seems like they might be using AI to give cs reps prompts to respond to customers now?

In the last 24 hours, I spoke to 11 cs reps about an item that was supposed to canceled (app said it was canceled, cs rep confirmed it was canceled) â€” but then progressed to â€œshipped.â€

Not only were they DMV-level apathetic and impersonal, but they were bizarrely incompetent?  Kept answering my very straightforward questions with rote responses that didnâ€™t pertain to my questions â€” as if some Al prompt was directing them to scripted replies for â€œFrequently Asked Questions.â€

It got to the point where it was so bizarre I thought I was living in a Black Mirror episode. I started out my convo with the last rep (a supervisor) by explaining that she was now the 11th rep Iâ€™d spoken to and pleading with her to listen to my question because I kept getting irrelevant responses and then getting transferred.

So l posed my question...... and she responded with yet another completely irrelevant answer ðŸ¤¯

Me: â€œIâ€™m hoping to get refunded for this time as soon as possible.  Is there anything I can do on my end to make that process go faster?  Does it make a difference whether I return it via UPS or Whole Foods?  Is one of them faster?â€

Her:  â€œYes, your item is arriving Wednesday and then you can return it.â€

ðŸ˜µâ€ðŸ’«ðŸ˜µâ€ðŸ’«ðŸ˜µâ€ðŸ’«

Have they been replaced with Stepford Wives? What gives? | Have any of the executives commented on the fact that Amazon is a dog shit shopping experience? | Not Monday but most of it happened yesterday. Ordered a 150 dollar historical gown for a Halloween party happing this weekend plus some stuff for a new phone I just got. Over half my order is garbage quality, the dress had great reviews but the quality DEFINITELY changed since the most recent. A rump pillow I got for it, historical again, was flat practically no filling. The phone screen covers were trash and I look at it on Amazon to leave a review and the reviews on it were all FAKE for other items...it looked like a company I'd ordered from before so I didn't even read reviews, nope straight scammed on that one. I ordered a new s pen, spent 20 dollars on an authentic one. It arrived in two pieces the box is dented, it was in a paper envelope with no padding and i guess it got bent lmfao like what the actual fuck?! 
I spent over 300 dollars and over half was a rip off.
Prime has adds now...I'm not guaranteed two day shipping for it anymore, they can just change delivery dates whenever they want (which they do to me and often lol) so wtf is the point in having it anymore? There isn't! So I won't. These returns go back, I watch LOTR and I'm done helping fund Bezos next space penis.",curious anyone else similar experience recently dm amazon seems taking new approach customer service seems like might using ai give c rep prompt respond customer last hour spoke c rep item supposed canceled app said canceled c rep confirmed canceled progressed shipped dmvlevel apathetic impersonal bizarrely incompetent kept answering straightforward question rote response didnt pertain question al prompt directing scripted reply frequently asked question got point bizarre thought living black mirror episode started convo last rep supervisor explaining th rep id spoken pleading listen question kept getting irrelevant response getting transferred l posed question responded yet another completely irrelevant answer im hoping get refunded time soon possible anything end make process go faster make difference whether return via ups whole food one faster yes item arriving wednesday return replaced stepford wife give executive commented fact amazon dog shit shopping experience monday happened yesterday ordered dollar historical gown halloween party happing weekend plus stuff new phone got half order garbage quality dress great review quality definitely changed since recent rump pillow got historical flat practically filling phone screen cover trash look amazon leave review review fake itemsit looked like company id ordered didnt even read review nope straight scammed one ordered new pen spent dollar authentic one arrived two piece box dented paper envelope padding guess got bent lmfao like actual fuck spent dollar half rip prime add nowim guaranteed two day shipping anymore change delivery date whenever want often lol wtf point anymore isnt wont return go back watch lotr im done helping fund bezos next space penis
"Weekly Help and Discussion Thread for the week of October 21, 2024",2,https://www.reddit.com/r/amazon/comments/1g8m059/weekly_help_and_discussion_thread_for_the_week_of/,98,"This thread is a place for Amazon questions and general discussion. This is also the *only* place you may ask individual questions about delivery, shipping, returns, and account issues.

If you want to complain about something, please use the Meltdown Monday thread instead.

*Make a top-level comment if you want to ask a question or start a discussion! Also, please don't downvote questions!*

**A big thank you to the many people who take time to answer other people's questions!**

For past help threads, please search the [Weekly Archive](https://www.reddit.com/r/amazon/search?q=title%3A%28%22Weekly+Help%22%29+author%3AAutoModerator&restrict_sr=on&sort=new&t=year).","I have business account on amazon and receive GST invoice for ever LAPTOP and other electronic items.
Query is wheather warranty starts of that product from my sale invoice or Amazon's invoice as Manufacturing date of those LAPTOPS is NOVEMBER 2023, But i purchased last month only. | [removed] | [removed]",business account amazon receive gst invoice ever laptop electronic item query wheather warranty start product sale invoice amazon invoice manufacturing date laptop november purchased last month removed removed
"Kevin Hart, Keanu Reeves Among Cast for Amazon Series 'Secret Level' - Variety",9,https://variety.com/2024/tv/news/secret-level-amazon-voice-cast-kevin-hart-keanu-reeves-arnold-schwarzenegger-1236183340/,4,,"That series has so much potential | With the lineup of Kevin Hart, Keanu Reeves and Arnold Schwarznegger featured in this upcoming Amazon series, makes it appear that it is most likely going to be a series fun to watch, especially with the Video game/action pack themes (i.e. Kevin Hart in Jumanji, Keanu Reeves in John Wicks Arnold Schwarznegger in The Expendables etc). | Ughh no more Kevin Hart, please",series much potential lineup kevin hart keanu reef arnold schwarznegger featured upcoming amazon series make appear likely going series fun watch especially video gameaction pack theme ie kevin hart jumanji keanu reef john wick arnold schwarznegger expendables etc ughh kevin hart please
Amazon exec tells employees to work elsewhere if they dislike RTO policy - Ars Technica,134,https://arstechnica.com/tech-policy/2024/10/amazon-exec-tells-employees-to-work-elsewhere-if-they-dislike-rto-policy/,56,,The problem with forced attrition is that it end up pushing out the top performers who can easily find another gig that fits their WFH preference. You just end up with a bunch of in-office draggers | They are clearly trying to reduce headcount. They are betting AI will replace them. | I say we build our own Amazon but with blackjack and hookers.,problem forced attrition end pushing top performer easily find another gig fit wfh preference end bunch inoffice dragger clearly trying reduce headcount betting ai replace say build amazon blackjack hooker
Amazon boss has a brutal response to staffers who don't like 5-day RTO mandate: Leave,639,https://fortune.com/2024/10/18/amazon-matt-garman-return-to-office-mandate/,205,,"Friends with a pretty senior developer, heâ€™s waiting for his stock to vest next month and already has a job lined up at Microsoft. He got approved to move cross country to work remote, then they are mandating him back to the office but there isnâ€™t an office near lol pretty wild | Amazon had remote and virtual employees well before Covid (2016-2019). Many of us worked from home or had scheduled WFH days. Our teams were spread out even then and people were recruited into that expectation for years. The offices were cramped with people working in overflow space and WeWork and Amazon was fighting Seattle taxes on headcount. It was in the news and media.  If you look at their profits, productivity and stock during that time youâ€™ll see they absolutely thrived during that period. 

â€œReturn To Officeâ€ was manufactured after Covid and then weaponized against employees to get people to quit on their own so they donâ€™t have to pay severance. Corporate greed. | Pretty lame for a trillion dollar company to try to bully employees to leave to save a buck on severance",friend pretty senior developer he waiting stock vest next month already job lined microsoft got approved move cross country work remote mandating back office isnt office near lol pretty wild amazon remote virtual employee well covid many u worked home scheduled wfh day team spread even people recruited expectation year office cramped people working overflow space wework amazon fighting seattle tax headcount news medium look profit productivity stock time youll see absolutely thrived period return office manufactured covid weaponized employee get people quit dont pay severance corporate greed pretty lame trillion dollar company try bully employee leave save buck severance
"Amazon Announces Unprecedented Kindle Refresh, With 1st Color Kindle And New Paperwhite",26,https://www.forbes.com/sites/davidphelan/2024/10/17/amazon-announces-unprecedented-kindle-refresh-with-1st-color-kindle-and-new-paperwhite/,2,,"I need a color Kindle the size of a magazine. (For you youngsters, a few years back when you were interested in a subject there were these large flimsy books {for you younger youngsters - books are made of paper and store data without the need for electricity for a very long time as long as they are kept dry} and these magazines would each cover general but specific topics and you could comment by writing a letter [a letter is something you write on paper and send it to someone using government agency to deliver to your chosen adress]) | I have a 15 year old color kindle.",need color kindle size magazine youngster year back interested subject large flimsy book younger youngster book made paper store data without need electricity long time long kept dry magazine would cover general specific topic could comment writing letter letter something write paper send someone using government agency deliver chosen adress year old color kindle
Amazon Enters News With Live Election Coverage From Brian Williams,27,https://www.nytimes.com/2024/10/17/business/media/amazon-brian-williams-election-special.html,10,,Dude was run out of network tv for all of  the lies he told. Why would Amazon hire him? | Just curious why your have your customer service reps give fake names? | Another home run for Jassy. Bring in a discredited journalist who's fallen from grace and no longer possesses any level of reputable credit to cover an election that will inevitably have its integrity questioned by Republicans. What could be more appropriate?! /s,dude run network tv lie told would amazon hire curious customer service rep give fake name another home run jassy bring discredited journalist who fallen grace longer posse level reputable credit cover election inevitably integrity questioned republican could appropriate
"Amazon opens holiday hiring, 250,000 jobs open - USA Today",18,https://www.usatoday.com/videos/news/2024/10/16/amazon-opens-holiday-hiring-250000-jobs-open/75600372007/,3,,Probably no peak pay this year with the raises that they just rolled out.. too bad because the $3-4 increase is really nice with the MET.Â  | How about Jeff Bezos hire people in the country that calls?  Maybe get a 50' boat and hire some Americans and pay them a decent wage.,probably peak pay year raise rolled bad increase really nice met jeff bezos hire people country call maybe get boat hire american pay decent wage
"Amazon's first color Kindle e-reader, the Kindle Colorsoft, will run you $280 - Ars Technica",3,https://arstechnica.com/gadgets/2024/10/amazons-first-color-kindle-e-reader-the-kindle-colorsoft-will-run-you-280/,1,,Interesting,interesting
'Eventing' TV Series Set at Amazon Based on Horseback Riding Romance Books - Variety,0,https://variety.com/2024/tv/news/eventing-tv-series-amazon-horseback-riding-romance-books-natalie-keller-reinert-1236178519/,3,,So a horse girlâ€™s dream? | I am so excited for this! | It's set in the Amazon rainforest?,horse girl dream excited set amazon rainforest
Tablet Tuesday - Kindle and Fire Tablet,0,https://www.reddit.com/r/amazon/comments/1g44ynr/tablet_tuesday_kindle_and_fire_tablet/,4,This thread is a place for questions and general discussion about Amazon tablets.,"Should I get an Amazon Fire Tablet? 

Iâ€™m currently in university, and with that comes a lot of using my HP laptop for assignments, note taking, and I even have to use it for my internship. So I was wondering, if I should get a tablet just for some leisure activity like watching a TV show, searching stuff up etc. I looked on Amazon and their tablets seem affordable enough. 

But is it worth it? I have an iPhone and a kindle, but I can only use those for so much until the battery runs out or I get bored. And the iPhone is pretty small to watch shows and movies on. 

I need some advice. I have money, so why not spend it on something nice for myself.",get amazon fire tablet im currently university come lot using hp laptop assignment note taking even use internship wondering get tablet leisure activity like watching tv show searching stuff etc looked amazon tablet seem affordable enough worth iphone kindle use much battery run get bored iphone pretty small watch show movie need advice money spend something nice
Megan Thee Stallion Documentary 'In Her Words' Coming to Prime Video - Variety,0,https://variety.com/2024/film/news/megan-thee-stallion-documentary-release-date-amazon-prime-video-1236176640/,1,,Because these days you can fart on a microphone while shaking your rump and make a few million dollars. I'd like to see an interview where she is handed some sheet music and asked to sing the notes.,day fart microphone shaking rump make million dollar id like see interview handed sheet music asked sing note
Meltdown Monday - Complaint Department,0,https://www.reddit.com/r/amazon/comments/1g3d239/meltdown_monday_complaint_department/,10,"Amazon doesn't read this, but maybe you'll feel better after posting.

**Important notes:**

1. **Only top-level comments are allowed here.** Any replies to comments are automatically and silently removed.
2. Please follow [reddiquette](http://www.reddit.com/help/reddiquette) and the [subreddit rules](https://www.reddit.com/r/amazon/about/rules).","I love Amazon and spend quite a bit with them as they are my go to. But this weekend they really pissed me off! Saturday I bought some earpads for my headphones next day delivery. Well they did not make it, no problem. Said they were delayed and I would get them Wed. They have been shipped so they have them. Now they say maybe Friday. The part that's pissing me off is I can still buy them with next day delivery! Well why are mine taking forever?? Just get me mine here tomorrow! Why is mine taking a week? They were supposed to be delivered by Amazon next day but now they have handed them off to UPS ground. Snail mail for packages! LOL I feel better now but I hate it for the guy riding a bicycle cross country with them! LOL | Amazon likes to add price hikes right before you hit the 'place your order' button, and they hope you won't notice  
  
Lego set  Ideas Medieval Blacksmith 21325 - Listed $179.99

The same set in your cart - $179.99

The same set right before placing your order - $194.99

A $15 change...

  
Another example

  
Gamegenic clear card sleeves pack of 200 - Listed \~$10.00

The actual message while checking out: ""Oops! we forgot this additional shipping charge of $5"" (even though you qualify for free shipping)

new price - $15.00



And I thought it was just Walmart ripping people off with weighted produce, Amazon better get ready for the class action lawsuit is my guess... | Why the hell does Amazon cross off and not count bad reviews for basically EVERY seller?  
Any bad review, something like ""product was listed as new but came in a torn up box and pieces were missing"" or ""ordered cherry and received strawberry instead and it was long expired"" or ""description said it included a stylus but there isn't one"", all get crossed off, not counted and the reason being ""This item was fulfilled by Amazon, and we take responsibility for this fulfillment experience.""

There are some legitimately TERRIBLE, AWFUL and SCAM sellers on Amazon and they fully protect them and have them appear as full 5 star, 99% positive and completely reliable, when they are one of the worst sellers you could possibly buy from.",love amazon spend quite bit go weekend really pissed saturday bought earpads headphone next day delivery well make problem said delayed would get wed shipped say maybe friday part thats pissing still buy next day delivery well mine taking forever get mine tomorrow mine taking week supposed delivered amazon next day handed ups ground snail mail package lol feel better hate guy riding bicycle cross country lol amazon like add price hike right hit place order button hope wont notice lego set idea medieval blacksmith listed set cart set right placing order change another example gamegenic clear card sleeve pack listed actual message checking oops forgot additional shipping charge even though qualify free shipping new price thought walmart ripping people weighted produce amazon better get ready class action lawsuit guess hell amazon cross count bad review basically every seller bad review something like product listed new came torn box piece missing ordered cherry received strawberry instead long expired description said included stylus isnt one get crossed counted reason item fulfilled amazon take responsibility fulfillment experience legitimately terrible awful scam seller amazon fully protect appear full star positive completely reliable one worst seller could possibly buy
"Weekly Help and Discussion Thread for the week of October 14, 2024",1,https://www.reddit.com/r/amazon/comments/1g3c8d0/weekly_help_and_discussion_thread_for_the_week_of/,128,"This thread is a place for Amazon questions and general discussion. This is also the *only* place you may ask individual questions about delivery, shipping, returns, and account issues.

If you want to complain about something, please use the Meltdown Monday thread instead.

*Make a top-level comment if you want to ask a question or start a discussion! Also, please don't downvote questions!*

**A big thank you to the many people who take time to answer other people's questions!**

For past help threads, please search the [Weekly Archive](https://www.reddit.com/r/amazon/search?q=title%3A%28%22Weekly+Help%22%29+author%3AAutoModerator&restrict_sr=on&sort=new&t=year).","Stupid question, but I'm just curious if there is a way to make items on a private list permanent (ie not removed when I buy them).

I use lists to keep track of different things but in this case, the specific oil filters and oil types for my vehicles. I would love it if I could somehow prevent the lists from deleting the filters\\oil when I buy them. | So amazon keep doing this to only one of my 2 personal accounts. They claim its been associated with another account but also can't provide any more information due to data protection. I basically have to keep contacting different departments or ceo's until somebody with a brain realises what's happened and unbans it. I haven't even used the account in question in 6 months. So I wanted to know if anybody has any insight into what's causing it.
I don't use a vpn nor have I done anything worth banning, I barely return or use this account as I use my sisters prime account. 

We are now in the third season(time) of this song and dance. So it's getting annoying. | Anybody else getting this message on their recent orders?

>There's a problem displaying the details for this order right now. Click ""View order details"" or try refreshing this page.",stupid question im curious way make item private list permanent ie removed buy use list keep track different thing case specific oil filter oil type vehicle would love could somehow prevent list deleting filtersoil buy amazon keep one personal account claim associated another account also cant provide information due data protection basically keep contacting different department ceo somebody brain realises whats happened unbans havent even used account question month wanted know anybody insight whats causing dont use vpn done anything worth banning barely return use account use sister prime account third seasontime song dance getting annoying anybody else getting message recent order there problem displaying detail order right click view order detail try refreshing page
Streaming Sunday - Amazon Prime Video,0,https://www.reddit.com/r/amazon/comments/1g2n4v2/streaming_sunday_amazon_prime_video/,3,This thread is a place for questions and general discussion about Amazon Prime Video.,"If I call the Accessibility line on Amazon. Do you think they would give me a discount? I am both blind and I canâ€™t use my hands so I have to use voice control.

Iâ€™m on disability. So I have to be careful with my money. I pay for prime just because it comes with with books/music/shows and shipping. So it seems like a good deal. | Can I log into TV channels separately on prime video?

My dad is paying for cable. So I was just wondering if thereâ€™s a way that I can go onto my Prime Video account, and login to Global TV and CTV?

I could download the apps separately, but itâ€™s nice having everything in one app. Then I would be able to watch the live shows/stream the channel.

Please use clear instructions if possible. I am blind. | Hi there! Iâ€™m playing with the idea of starting to watch anime. Iâ€™ve never watched any before so I really donâ€™t know where to start. I see thereâ€™s a couple on Netflix, but theyâ€™re not really the ones I want to watch. I really want to watch Little slice of life cute anime.

So I was just wondering, before I start subscribing to Crunchyroll left and right, does any of its content come with audio description?

If not. How much of its contents are in English dub? Iâ€™m blind. So I need at least not gibberish lol.

Do you know if Crunchyroll through Prime Video is any cheaper? And is it easier to use with the built-in Alex screen reader on my fire cube? Or does it not have any screen reader at all?  insertion point between all? and   , at the 703rd position",call accessibility line amazon think would give discount blind cant use hand use voice control im disability careful money pay prime come booksmusicshows shipping seems like good deal log tv channel separately prime video dad paying cable wondering there way go onto prime video account login global tv ctv could download apps separately nice everything one app would able watch live showsstream channel please use clear instruction possible blind hi im playing idea starting watch anime ive never watched really dont know start see there couple netflix theyre really one want watch really want watch little slice life cute anime wondering start subscribing crunchyroll left right content come audio description much content english dub im blind need least gibberish lol know crunchyroll prime video cheaper easier use builtin alex screen reader fire cube screen reader insertion point rd position
'Rings Of Power' Dethroned In Amazon Prime Video's Top 10 List By A New Show - Forbes,17,https://www.forbes.com/sites/paultassi/2024/10/12/rings-of-power-dethroned-in-amazon-prime-videos-top-10-list-by-a-new-show/,6,,which show? cant read article | How is that crap even in the top 10? | Indeed seems faked. No one likes the show. It sucks.,show cant read article crap even top indeed seems faked one like show suck
Echo & Alexa Saturday - Virtual Assistants,0,https://www.reddit.com/r/amazon/comments/1g1xnc8/echo_alexa_saturday_virtual_assistants/,3,This thread is a place for questions and general discussion about Echo and Alexa.,"I keep having a problem where Amazon is canceling my orders for BS reasons so I have to reorder, and at that point the items costs more.
There is a pattern here and itâ€™s been occurring frequently this year. Has anyone else experienced this situation? Itâ€™s occurring too frequently to be a hiccup? If youâ€™ve had this issue let me know.",keep problem amazon canceling order b reason reorder point item cost pattern occurring frequently year anyone else experienced situation occurring frequently hiccup youve issue let know
Fire TV Friday - Fire TV Cube and Stick,2,https://www.reddit.com/r/amazon/comments/1g173jb/fire_tv_friday_fire_tv_cube_and_stick/,3,This thread is a place for questions and general discussion about Fire TV products.,"Can I log into TV channels separately on prime video?

My dad is paying for cable. So I was just wondering if thereâ€™s a way that I can go onto my Prime Video account, and login to Global TV and CTV?

I could download the apps separately, but itâ€™s nice having everything in one app. Then I would be able to watch the live shows/stream the channel.

Please use clear instructions if possible. I am blind. | Can I turn off the auto play feature on the YouTube app on my Fire TV cube?

Basically for example. I go to the side menu, and I go down to my library. I then go to playlists. I want to do my workout playlist. I select Paradises workout, and I start scrolling down through all of the different workouts I have to find the one I want. I listen to what the video is to see if thatâ€™s the one I want to play or not. But before I even have a chance to go to the next video because this isnâ€™t the one I want, it starts playing at full screen automatically. Then I have to click the back button Quickly go down to the next video and repeat. It just keeps starting the videos automatically without me pressing the select button.

Can I turn this off?",log tv channel separately prime video dad paying cable wondering there way go onto prime video account login global tv ctv could download apps separately nice everything one app would able watch live showsstream channel please use clear instruction possible blind turn auto play feature youtube app fire tv cube basically example go side menu go library go playlist want workout playlist select paradise workout start scrolling different workout find one want listen video see thats one want play even chance go next video isnt one want start playing full screen automatically click back button quickly go next video repeat keep starting video automatically without pressing select button turn
Amazon's Prime Video Is Adding Apple TV+ as a Subscription Add-On - Variety,9,https://variety.com/2024/tv/news/amazon-prime-video-apple-tv-plus-1236173900/,6,,"> Later this month, Apple TV+ will be available via Prime Video in the U.S. as an add-on subscription for $9.99 per month, Amazon announced Wednesday. Thatâ€™s the same price Apple charges for the stand-alone streaming service. | Sounds cool. I guess thats where ill watch Severance season 2 if i cant get an apple log in. | I don't understand adding a middle man when it's the same price.  Why add a level of complexity if something goes wrong?",later month apple tv available via prime video u addon subscription per month amazon announced wednesday thats price apple charge standalone streaming service sound cool guess thats ill watch severance season cant get apple log dont understand adding middle man price add level complexity something go wrong
Review Thursday - All about Reviews,1,https://www.reddit.com/r/amazon/comments/1g0g57k/review_thursday_all_about_reviews/,3,This thread is a place for questions and general discussion about reviews at Amazon. (This thread is **not** for posting reviews of your own.),"Best Bluetooth wireless speakers with good bass? | Amazon literally scammed me. I was ordering from amazon.com delivery to canada and noticed that free delivery option is no longer active, but bcs my order was way over the free delivery thresh hold i contacted the customer care to ask about it.  two different officers confirmed that they can refund the shipping cost once the delivery is completed , but once the delivery happened , they simply changed the narrative and said that they  dont have any way to refund it..when j mentioned that 2 diff officers have confirmed it , the supervisor was like - yeah i will make an escalation against them but we don't have  any refund option for you.

I would not have minded the delivery fees but how they handled the situation didnt feel right. ðŸ˜‘",best bluetooth wireless speaker good bass amazon literally scammed ordering amazoncom delivery canada noticed free delivery option longer active bcs order way free delivery thresh hold contacted customer care ask two different officer confirmed refund shipping cost delivery completed delivery happened simply changed narrative said dont way refund itwhen j mentioned diff officer confirmed supervisor like yeah make escalation dont refund option would minded delivery fee handled situation didnt feel right
Microsoft hasn't chased Amazon back to the office. It's even cutting back on office space,44,https://www.seattletimes.com/business/microsoft/microsoft-hasnt-chased-amazon-back-to-the-office-its-even-cutting-back-on-office-space/,2,,"Microsoft will still be here when Amazon is long gone. | I keep having a problem where Amazon is canceling my orders for BS reasons so I have to reorder, and at that point the items costs more.
There is a pattern here and itâ€™s been occurring frequently this year. Has anyone else experienced this situation? Itâ€™s occurring too frequently to be a hiccup? If youâ€™ve had this issue let me know.",microsoft still amazon long gone keep problem amazon canceling order b reason reorder point item cost pattern occurring frequently year anyone else experienced situation occurring frequently hiccup youve issue let know
Tablet Tuesday - Kindle and Fire Tablet,1,https://www.reddit.com/r/amazon/comments/1fyx0kb/tablet_tuesday_kindle_and_fire_tablet/,1,This thread is a place for questions and general discussion about Amazon tablets.,"I keep having a problem where Amazon is canceling my orders for BS reasons so I have to reorder, and at that point the items costs more.
There is a pattern here and itâ€™s been occurring frequently this year. Has anyone else experienced this situation? Itâ€™s occurring too frequently to be a hiccup? If youâ€™ve had this issue let me know.",keep problem amazon canceling order b reason reorder point item cost pattern occurring frequently year anyone else experienced situation occurring frequently hiccup youve issue let know
Amazon Merges India's MX Player Into Free Streaming Service â€“ Global Bulletin - Variety,2,https://variety.com/2024/tv/global/amazon-mx-player-deal-india-1236169673/,1,,"I keep having a problem where Amazon is canceling my orders for BS reasons so I have to reorder, and at that point the items costs more.
There is a pattern here and itâ€™s been occurring frequently this year. Has anyone else experienced this situation? Itâ€™s occurring too frequently to be a hiccup? If youâ€™ve had this issue let me know.",keep problem amazon canceling order b reason reorder point item cost pattern occurring frequently year anyone else experienced situation occurring frequently hiccup youve issue let know
Meltdown Monday - Complaint Department,2,https://www.reddit.com/r/amazon/comments/1fy4v1w/meltdown_monday_complaint_department/,13,"Amazon doesn't read this, but maybe you'll feel better after posting.

**Important notes:**

1. **Only top-level comments are allowed here.** Any replies to comments are automatically and silently removed.
2. Please follow [reddiquette](http://www.reddit.com/help/reddiquette) and the [subreddit rules](https://www.reddit.com/r/amazon/about/rules).","

Can I not request one time password delivery ? I mean, I placed my order on Amazon last Friday. At the check out, the reminder of one password delivery show up and i chose not to request one because I request one for my amazon order three months ago and it take a longer time to get it deliver, so i do not chose this time. Do my package deliver as scheduled? | Anyone notice that it is getting progressively harder to actually contact Amazon support?  I preordered a game that was supposed to arrive yesterday; hasn't even shipped out yet.  I select the item in the chatbot, it says ""Let me check on this for you.Depending on the shipping location, your estimated delivery date may change before your item ships.I can also take you to Your Orders, where you can find the latest shipping status and updates. Would you like to do that?""

Of the pre-populated choices it gives me, the only one that really makes sense is ""How fast will it ship""

  
But clicking on that makes it say ""do you have any questions about this?"" and provides two options:

-No, I'm all set

-I want to cancel my order

  
Neither of those!  Those aren't even questions!  Just let me talk to a person! | cant get a single filter to work. even clicking the prime only search result option. 70% arent. any sort option reduces results  by 75%. its stupid",request one time password delivery mean placed order amazon last friday check reminder one password delivery show chose request one request one amazon order three month ago take longer time get deliver chose time package deliver scheduled anyone notice getting progressively harder actually contact amazon support preordered game supposed arrive yesterday hasnt even shipped yet select item chatbot say let check youdepending shipping location estimated delivery date may change item shipsi also take order find latest shipping status update would like prepopulated choice give one really make sense fast ship clicking make say question provides two option im set want cancel order neither arent even question let talk person cant get single filter work even clicking prime search result option arent sort option reduces result stupid
"Weekly Help and Discussion Thread for the week of October 07, 2024",2,https://www.reddit.com/r/amazon/comments/1fy3zvc/weekly_help_and_discussion_thread_for_the_week_of/,169,"This thread is a place for Amazon questions and general discussion. This is also the *only* place you may ask individual questions about delivery, shipping, returns, and account issues.

If you want to complain about something, please use the Meltdown Monday thread instead.

*Make a top-level comment if you want to ask a question or start a discussion! Also, please don't downvote questions!*

**A big thank you to the many people who take time to answer other people's questions!**

For past help threads, please search the [Weekly Archive](https://www.reddit.com/r/amazon/search?q=title%3A%28%22Weekly+Help%22%29+author%3AAutoModerator&restrict_sr=on&sort=new&t=year).","Account locked - shipping address changed?

I recently ordered something off of Amazon. This morning I received an email saying that my account has been locked. Within the email it states that any changes made by who they think is an unknown party were reversed. I had to change my address as I have moved and my account was inactive for a while, meaning I cannot get it unlocked as I have not ordered 3 things this year. Will the shipping address that I changed it to be reversed? | Can anyone help me? I recently returned a very expensive package to Amazon but I use the wrong return label.  I tracked the package. They received the package, but since the wrong item was in the box, Iâ€™ve received no credit for it. Iâ€™ve reached out to them and theyâ€™ve been no help. Does anyone have any suggestions or am I just screwed? | Is this some kind of review scam?

So I got a letter in the mail that has his whole instruction set on how to leave a five star review for an item I bought on Amazon. And then it tells me how to screenshot my app approved review and email it to ccq4hao30dao@163.com to receive a gift card in an amount greater than what I paid for the item.

This is a kind of scam I'm not aware of?",account locked shipping address changed recently ordered something amazon morning received email saying account locked within email state change made think unknown party reversed change address moved account inactive meaning cannot get unlocked ordered thing year shipping address changed reversed anyone help recently returned expensive package amazon use wrong return label tracked package received package since wrong item box ive received credit ive reached theyve help anyone suggestion screwed kind review scam got letter mail whole instruction set leave five star review item bought amazon tell screenshot app approved review email ccqhaodaocom receive gift card amount greater paid item kind scam im aware
Streaming Sunday - Amazon Prime Video,1,https://www.reddit.com/r/amazon/comments/1fxdy6a/streaming_sunday_amazon_prime_video/,5,This thread is a place for questions and general discussion about Amazon Prime Video.,"Amazon Prime Video has become unusable. I've gone from it being my first choice to find something to watch, to now I haven't opened it in weeks.

First the ads... I pay for Prime AND I have to watch ads? And the Ads are not sensibly placed at the change between acts, they interrupt anything sometimes right in the middle of a sentence. They really ruin the viewing experience.

Second... pushing paid content. I can't find anything anymore because the interface is 100% pushing paid content and hiding the included free content. This is even worse than the ads. I've given up trying to find things and just go to Netflix first. | Nothing like a lazy Sunday binge on Primeâ€”bring on the popcorn!",amazon prime video become unusable ive gone first choice find something watch havent opened week first ad pay prime watch ad ad sensibly placed change act interrupt anything sometimes right middle sentence really ruin viewing experience second pushing paid content cant find anything anymore interface pushing paid content hiding included free content even worse ad ive given trying find thing go netflix first nothing like lazy sunday binge primebring popcorn
Amazon pulls Kim Porter memoir denounced by her kids as fake - NBC News,27,https://www.nbcnews.com/news/us-news/amazon-pulls-kim-porter-memoir-denounced-kids-fake-rcna173785,4,,"I believe it. I listened to a live reading and it seemed obvious, the juicy bits were shoe horned in. | Interesting, is it going to be available elsewhere? | This one was pulled down but many more popped up. Gotta get in on the money grab I suppose.",believe listened live reading seemed obvious juicy bit shoe horned interesting going available elsewhere one pulled many popped gotta get money grab suppose
Amazon will â€œramp upâ€ Prime Video ads in 2025 - Ars Technica,13,https://arstechnica.com/gadgets/2024/10/amazon-prime-video-is-getting-more-ads-next-year/,11,,"They are customer obsessed...the customers are the ad buyers...prime video viewers are the product. | Thank you Jassy. With these ads, the enshittification of Amazon search, and 5 day RTO he is truly becoming a beacon of stakeholder trust for everyone | First they downgraded Amazon Music until it became useless, and now they are going to hobble Prime Video with more ads until it becomes unwatchable. Besides 2-day shipping, tell me what is the point in subscribing to Prime anymore?",customer obsessedthe customer ad buyersprime video viewer product thank jassy ad enshittification amazon search day rto truly becoming beacon stakeholder trust everyone first downgraded amazon music became useless going hobble prime video ad becomes unwatchable besides day shipping tell point subscribing prime anymore
A house cheaper than a car? Tiny home for less than $20000 available on Amazon,3,https://www.usatoday.com/story/money/2024/10/01/amazon-tiny-home/75475833007/,1,,"Amazon randomly rabbit holes people trying to make a return of a defective product, making it impossible to return the item.   Good lipuck with an expensive purchase like this!   
Bricks and Motar business still have people to deal with, easily. No tricks and endless Ai bs.",amazon randomly rabbit hole people trying make return defective product making impossible return item good lipuck expensive purchase like brick motar business still people deal easily trick endless ai b
Worker Wednesday - Workers and Sellers,1,https://www.reddit.com/r/amazon/comments/1fudepd/worker_wednesday_workers_and_sellers/,1,"This thread is a place for questions and general discussion for everyone trying to make a living via Amazon (i.e., working or selling at Amazon). **No self-promotion or advertising is allowed in this thread.** That includes promotional account names, any mention of your products, linking anything you own, and anything else disallowed in the [subreddit rules](https://www.reddit.com/r/amazon/about/rules).",I work at Amazon and they wonâ€™t let me use the bathroom so I poop in a diaper happy Wednesday everyone!,work amazon wont let use bathroom poop diaper happy wednesday everyone
Microsoft exec tells staff there won't be an Amazon-style return-to-office mandate unless ... - Fortune,41,https://fortune.com/2024/10/01/microsoft-amazon-return-to-office-mandate-wfh-remote-hybrid-work/,7,,"So long as they stay productive 

Saved you a click. | Guess weâ€™ll just have to delve into the ultimate mystery of their plans! | Disagree and Commute.",long stay productive saved click guess well delve ultimate mystery plan disagree commute
What Amazon Can Expect With Getting Rid Of Remote Work - Forbes,19,https://www.forbes.com/sites/katewieczorek/2024/09/30/what-amazon-can-expect-with-getting-rid-of-remote-work/,5,,Nobody will ever be able to work from home? | Does this apply to VCC employees as well??,nobody ever able work home apply vcc employee well
Tablet Tuesday - Kindle and Fire Tablet,1,https://www.reddit.com/r/amazon/comments/1ftlamc/tablet_tuesday_kindle_and_fire_tablet/,1,This thread is a place for questions and general discussion about Amazon tablets.,Tablet Tuesday is this not some hell scape of a corporate hell hole,tablet tuesday hell scape corporate hell hole
Amazon's 5-day in-office mandate pushes 73% of surveyed staffers to consider quitting,508,https://fortune.com/2024/09/30/amazon-5-day-in-office-mandate-blind-surveyed-staffers-consider-quitting/,65,,"from what I hear 73% of amazon employees ""consider quitting"" on a daily basis | People will consider and stay for now ... but once the market flips to an employee market, people will remember and leave by teams | Quiet firing.",hear amazon employee consider quitting daily basis people consider stay market flip employee market people remember leave team quiet firing
Meltdown Monday - Complaint Department,2,https://www.reddit.com/r/amazon/comments/1fssra5/meltdown_monday_complaint_department/,6,"Amazon doesn't read this, but maybe you'll feel better after posting.

**Important notes:**

1. **Only top-level comments are allowed here.** Any replies to comments are automatically and silently removed.
2. Please follow [reddiquette](http://www.reddit.com/help/reddiquette) and the [subreddit rules](https://www.reddit.com/r/amazon/about/rules).","I bought a small tube of ointment sold directly by amazon and when I received it on friday, the package looked fine. However, when I opened it I saw that the ointment had leaked out of the crimped end of the tube into the box. Probably about half the product was dried out and wasted. I tried to open a return to say the product was defective, but amazon kept re-directing me to contact the manufacturer directly.

I tried contacting the manufacturer by email but no response so far. That was on friday. Today I went to the listing for the product on amazon but it has been taken down and no longer exists. Amazon also sent me a ""let us know how we did"" email asking me to take a survey and if I was able to contact the manufacturer. When I click on the message to give my input, then email takes me to a blank empty page. What frustrates me is that if I had purchased this at a brick and mortar store, they wouldn't tell me to contact the manufacturer about my defective item- they would just take it back. | [removed] | Amazon claimed 3 large items were delivered and only 1 was. I was outside and collected the one item from the driver and they said there was only one on the truck.",bought small tube ointment sold directly amazon received friday package looked fine however opened saw ointment leaked crimped end tube box probably half product dried wasted tried open return say product defective amazon kept redirecting contact manufacturer directly tried contacting manufacturer email response far friday today went listing product amazon taken longer exists amazon also sent let u know email asking take survey able contact manufacturer click message give input email take blank empty page frustrates purchased brick mortar store wouldnt tell contact manufacturer defective item would take back removed amazon claimed large item delivered outside collected one item driver said one truck
"Weekly Help and Discussion Thread for the week of September 30, 2024",3,https://www.reddit.com/r/amazon/comments/1fsrvqy/weekly_help_and_discussion_thread_for_the_week_of/,79,"This thread is a place for Amazon questions and general discussion. This is also the *only* place you may ask individual questions about delivery, shipping, returns, and account issues.

If you want to complain about something, please use the Meltdown Monday thread instead.

*Make a top-level comment if you want to ask a question or start a discussion! Also, please don't downvote questions!*

**A big thank you to the many people who take time to answer other people's questions!**

For past help threads, please search the [Weekly Archive](https://www.reddit.com/r/amazon/search?q=title%3A%28%22Weekly+Help%22%29+author%3AAutoModerator&restrict_sr=on&sort=new&t=year).","Here is a summary of what happened in my recent interaction with Amazon.

I purchased an iPhone for work.

The phone gave me problems from the get-go, as I spent hours explaining myself to the support staff. I went to the Apple store 4 or 5 times with various problems

* the phone would overheat and shut down
* the volume and microphone did not work, so I missed calls
* the camera stopped working
* couldn't make calls even though I had network coverage

The man at the Apple store said sometimes you make a bad phone, and it is best to get a replacement. As I have been there so many times, he recognized me. On the last visit, he had to replace the camera.

I contacted Amazon, and the supervisor on the 10th promised me that I could return the item for a full refund.

Unfortunately, due to health reasons, I had to travel and was unable to return the item, but was forced to purchase a new iPhone.

When I knew I had to travel, I contacted Amazon and asked them if I could return it upon my return, and they said yes, no problem, aiming to return this on the 20th.

So when I returned, which was 3 days ago, I contacted Amazon to arrange this return.

The support and treatment I received was a disgrace, 3 different operators disconnected from the chat without helping me. One cancelled the original return and created a repair ticket, and the supervisors seemed to care little about the fact that Amazon promised me a return and refund for this item.

So now I have 2 phones and Amazon is refusing to agree to what they promised me, their excuse was that the return ticket was cancelled (by their staff) and it can only be created once

I have emails, chats showing what they promised me, and now they are ignoring the fact of what they promised.

Not to mention since this event, I tried to speak to Amazon on various occasions and they disconnected from the chat 5 times

I was told that I can only send this in for repair.

I have 1100 less in my account now due to Amazon cheating me.

can anyone offer any advise

The last support supervisor was Dean Pedido n.ÂºÂ 407-2109232-9949134Â [amazon.es](http://amazon.es/) | I received an Amazon e-gift card and used it to purchase a PC, but my account was put on hold. Now, Amazon is asking for proof that I authorized the payment method used on my last purchase. Since I used a gift card, Iâ€™m unsure what documents to provide. Iâ€™ve contacted Amazon support more than five times, but I still don't know what to do. update they closed my account D: | Sometimes i sell or give away a specific battery for one of my products. We buy it on Amazon and send direct to the customer. Problem is I do this on my personal account. So, the random person will see my information. How can i get around this? Does buying a gift card and using the gift card to order the item still work?",summary happened recent interaction amazon purchased iphone work phone gave problem getgo spent hour explaining support staff went apple store time various problem phone would overheat shut volume microphone work missed call camera stopped working couldnt make call even though network coverage man apple store said sometimes make bad phone best get replacement many time recognized last visit replace camera contacted amazon supervisor th promised could return item full refund unfortunately due health reason travel unable return item forced purchase new iphone knew travel contacted amazon asked could return upon return said yes problem aiming return th returned day ago contacted amazon arrange return support treatment received disgrace different operator disconnected chat without helping one cancelled original return created repair ticket supervisor seemed care little fact amazon promised return refund item phone amazon refusing agree promised excuse return ticket cancelled staff created email chat showing promised ignoring fact promised mention since event tried speak amazon various occasion disconnected chat time told send repair le account due amazon cheating anyone offer advise last support supervisor dean pedido n amazones received amazon egift card used purchase pc account put hold amazon asking proof authorized payment method used last purchase since used gift card im unsure document provide ive contacted amazon support five time still dont know update closed account sometimes sell give away specific battery one product buy amazon send direct customer problem personal account random person see information get around buying gift card using gift card order item still work
Amazon's Return To Office Mandate Is A Call For Managers To Manage Up - Forbes,12,https://www.forbes.com/sites/anjalichaudhry/2024/09/29/amazons-back-to-office-mandate-is-a-call-for-managers-to-manage-up/,15,,"Jassy is a clown | Fuck Amazon and their managers L8 and above. | These are just undercover layoffs. Bad move imo. Sure, you save a few bucks on severance, but you also lose your best talent.",jassy clown fuck amazon manager l undercover layoff bad move imo sure save buck severance also lose best talent
Amazon may tap Brian Williams to host an election night special - The Verge,3,https://www.theverge.com/2024/9/28/24256903/amazon-prime-brian-williams-election-night-special,16,,"What used to be referred to as ""Rip & Read""  news back in radio days when cheap radio stations would read news copy off the teletype machine instead of staffing a real news department. Brian will take the AP feed and read it. Not interested. | That would be great! He could entertain everyone with his his tall tales about the war. | Amazon sux. U canâ€™t even use the fire stick",used referred rip read news back radio day cheap radio station would read news copy teletype machine instead staffing real news department brian take ap feed read interested would great could entertain everyone tall tale war amazon sux u cant even use fire stick
Brian Williams will cover election night in Amazon Prime's first foray into news,11,https://www.latimes.com/entertainment-arts/business/story/2024-09-28/brian-williams-is-back-for-election-night-amazon-prime-news,7,,"Whenever Amazon News gets info wrong in a news report, we'll have to wait 12 business days for a correction. Then it turns into 18 days, then 30 days, then 30+ days, and so on. Viewers will need an info publication chargeback process to finally get incorrect news corrected. | They should add Killary so they can share war stories. | Is he that rapist that had the button in his office to trap women?",whenever amazon news get info wrong news report well wait business day correction turn day day day viewer need info publication chargeback process finally get incorrect news corrected add killary share war story rapist button office trap woman
Amazon Execs on Culturally Relevant Storytelling in Streaming Era - Variety,0,https://variety.com/2024/digital/news/amazon-culturally-relevant-storytelling-streaming-variety-entertainment-tech-summit-1236158030/,2,,"As you read the Variety article, keep in mind that it essentially a marketing vehicle to promote the entertainment industry.",read variety article keep mind essentially marketing vehicle promote entertainment industry
Fire TV Friday - Fire TV Cube and Stick,2,https://www.reddit.com/r/amazon/comments/1fql0ut/fire_tv_friday_fire_tv_cube_and_stick/,4,This thread is a place for questions and general discussion about Fire TV products.,"Got a fire stick and love it | I'm thinking about getting a firestick, but I already have a smart tv with my streaming apps, so what would the benefit be?",got fire stick love im thinking getting firestick already smart tv streaming apps would benefit
Amazon Is Losing Its Focus On Frictionless Customer Experience - Forbes,35,https://www.forbes.com/sites/rogerdooley/2024/09/26/amazon-is-losing-its-focus-on-frictionless-customer-experience/,9,,"You mean they lost it already, Iâ€™m buying way less for sure, and see more deal days from Amazon these days that are not, very annoying! | The other aspect is they are now starting to harass people for making returns. I've had a lot of purchases over the last year, and a few returns for things that weren't as advertised, or clothing items that didn't fit. 

I received an email stating that I've had quite a few returns recently, many of which were missing items or were damaged.  That is patently false- I have never once returned something without all items included, and never once have damaged anything and then returned it- the only time I had something damaged that went back was because that was the purpose for the return- it ARRIVED with a fault/damage (which was noted in my reason for returning). 

Is this the new norm?  They advertise returns can be made if someone is unhappy with something or if the item arrives damaged, but then will harass people or even threaten to cancel their Prime membership if they do actually return things? | I ordered a pair of shoes and a shirt last week. The shirt came with a hole and the shoes came in the wrong color. I got the replacement shirt and itâ€™s fine. The replacement shoes were late and came in the wrong size. I tried to get another replacement and apparently you can only request a replacement once. 

I also ordered a keyboard and needed to return it. I dropped it off at Whole Foods and havenâ€™t seen the refund yet. 

Remind me, how is this better than just going down to the store? I pay for Prime to get a much worse experience than shopping anywhere else? Amazon has lost their only reason for being, because they were easier than going to the store.",mean lost already im buying way le sure see deal day amazon day annoying aspect starting harass people making return ive lot purchase last year return thing werent advertised clothing item didnt fit received email stating ive quite return recently many missing item damaged patently false never returned something without item included never damaged anything returned time something damaged went back purpose return arrived faultdamage noted reason returning new norm advertise return made someone unhappy something item arrives damaged harass people even threaten cancel prime membership actually return thing ordered pair shoe shirt last week shirt came hole shoe came wrong color got replacement shirt fine replacement shoe late came wrong size tried get another replacement apparently request replacement also ordered keyboard needed return dropped whole food havent seen refund yet remind better going store pay prime get much worse experience shopping anywhere else amazon lost reason easier going store
Most Amazon workers considering job hunting due to 5-day in-office policy: Poll,33,https://arstechnica.com/tech-policy/2024/09/91-percent-of-amazon-employees-are-dissatisfied-with-remote-work-ending-poll/,6,,">""The advantages of being together in the office are significant,â€ Jassy wrote in the memo. â€œIf anything, the last 15 months...â€‰has strengthened our conviction about the benefits.""

What a load of horse shit. This goes against sll of Amazon's principles. Since when have decisions ever been made without data backing it up and going in conviction.

Maybe he should walk through the hallways sometime. The culture and atmosphere will never return to what it was pre-covid. Morale is way down and only going to get worse as people leave. Amazon is about to lose or burn out top talent because of political posturing. They will lose almost all of their workforce that have children.

You know why the culture was the way it was? Because it grew organically under Bezos. It was never forced.

Its an extra $1000-1200 a month and lost time with family and friends for a culture and innovation shift. He wants employees to foot the bill for RTO and take credit for all the new shit. | No shit. Thatâ€™s what Amazon wants them to do. | You think Amazon would have a horrible workplace reputation by now.",advantage together office significant jassy wrote memo anything last month strengthened conviction benefit load horse shit go sll amazon principle since decision ever made without data backing going conviction maybe walk hallway sometime culture atmosphere never return precovid morale way going get worse people leave amazon lose burn top talent political posturing lose almost workforce child know culture way grew organically bezos never forced extra month lost time family friend culture innovation shift want employee foot bill rto take credit new shit shit thats amazon want think amazon would horrible workplace reputation
"'Robocop' TV Series at Amazon Sets Peter Ocko as Showrunner, James Wan to Produce",8,https://variety.com/2024/tv/news/robocop-tv-series-amazon-peter-ocko-showrunner-james-wan-1236155752/,5,,"Does Robocop really work anymore in today's world? I feel like he'd just get hacked by some 4chan anon shit lord and sent on a rampage towards the nearest elementary school. | I really think RoboCop would have been best left alone as a single film. There really isn't any way to improve on the themes of the first movie. | Oh my.  Are we going to get Jack Reacher, or Rings of Power?",robocop really work anymore today world feel like hed get hacked chan anon shit lord sent rampage towards nearest elementary school really think robocop would best left alone single film really isnt way improve theme first movie oh going get jack reacher ring power
Mark Messier joins Amazon Prime's 'Monday Night Hockey' broadcast team alongside ...,2,https://www.nytimes.com/athletic/5789202/2024/09/23/mark-messier-amazon-prime-monday-night-hockey-broadcast/,1,,The other great one!,great one
Amazon demands a lot from its drivers. Now they're pushing back - Los Angeles Times,30,https://www.latimes.com/business/story/2024-09-24/amazon-demands-a-lot-from-its-drivers-now-its-a-two-way-street,4,,Canâ€™t do the job then dont work there. Majority of drivers are lazy af.,cant job dont work majority driver lazy af
"Amazon's RTO Reignites The Office Debate, Battling Bosses' Burnout And More - Forbes",15,https://www.forbes.com/sites/jenamcgregor/2024/09/23/amazons-rto-reignites-the-office-debate-battling-bosses-burnout-and-more/,4,,"We should consider commute as work, legally. That would fix it.",consider commute work legally would fix
Meltdown Monday - Complaint Department,0,https://www.reddit.com/r/amazon/comments/1fnho2i/meltdown_monday_complaint_department/,6,"Amazon doesn't read this, but maybe you'll feel better after posting.

**Important notes:**

1. **Only top-level comments are allowed here.** Any replies to comments are automatically and silently removed.
2. Please follow [reddiquette](http://www.reddit.com/help/reddiquette) and the [subreddit rules](https://www.reddit.com/r/amazon/about/rules)."," 

Purchased a micro-needling device on 23/08/2024. Decided I no longer wanted it to kept it sealed in the box. Went away on holiday however for a few weeks & only just got back a few days ago. I opened app to place return on 21/09/2024 (within return window), kept getting a message saying the item is not eligible for return ? Discussed with associate on the phone and was told this could be due to safety reason so I reviewed the policy for exceptions and called them back to say the item is sealed and within the return window. They forwarded me to contact the seller and that the seller should sort this out. Emailed the seller who told me the item is covered under the Amazon return policy and just gave me the same instructions as what I had already tried through the app which I let them know off. They responded on 22/09/2024 night to say it looks like Amazon may have disabled returns on the account and they will look into this however I should contact Amazon. Amazon
associates say they canâ€™t do anything about this as now itâ€™s past the returns window (return window was writhing 23/09/2024) - despite my attempts to try to return the item from 21/09/2024 and multiple attempts at contacting them to sort the issues out. What can I do now ? I am from the UK. | Ordered a relay for my car. They sent me a relay that was used and corroded. They offered a replacement. Replacement is also used and corroded. Now they expect me to drive 30 minutes to the nearest Staples to return them or pay $8 to have them pick up a $15 part. | They sent me a defective copy of Space Marine 2. The case was bent on arrival and the disk was loose in box. I couldn't see any damage, but it must have been warped slightly, because it refused it fully install, I could hear it getting stuck during the read, and it was physically getting stuck in the drive. And I mean STUCK, the mechanism pulled it in, but didn't load it into the tray, so it couldn't eject on its own, even manually working the disc drive by removing the back panel didn't work, I had to pull it out with tweezers. I filled out the return form, requested a refund to my card, and had it shipped out the next day. 

Now they're telling me their process won't let me see my money again until at least November or longer, and they might not even give me a full refund via their review process. I HAD to take it out of the plastic wrap or I would never have known it was defective, don't you dare tell me that only entitles me to %50 my money back.",purchased microneedling device decided longer wanted kept sealed box went away holiday however week got back day ago opened app place return within return window kept getting message saying item eligible return discussed associate phone told could due safety reason reviewed policy exception called back say item sealed within return window forwarded contact seller seller sort emailed seller told item covered amazon return policy gave instruction already tried app let know responded night say look like amazon may disabled return account look however contact amazon amazon associate say cant anything past return window return window writhing despite attempt try return item multiple attempt contacting sort issue uk ordered relay car sent relay used corroded offered replacement replacement also used corroded expect drive minute nearest staple return pay pick part sent defective copy space marine case bent arrival disk loose box couldnt see damage must warped slightly refused fully install could hear getting stuck read physically getting stuck drive mean stuck mechanism pulled didnt load tray couldnt eject even manually working disc drive removing back panel didnt work pull tweezer filled return form requested refund card shipped next day theyre telling process wont let see money least november longer might even give full refund via review process take plastic wrap would never known defective dont dare tell entitles money back
"Weekly Help and Discussion Thread for the week of September 23, 2024",2,https://www.reddit.com/r/amazon/comments/1fngslz/weekly_help_and_discussion_thread_for_the_week_of/,120,"This thread is a place for Amazon questions and general discussion. This is also the *only* place you may ask individual questions about delivery, shipping, returns, and account issues.

If you want to complain about something, please use the Meltdown Monday thread instead.

*Make a top-level comment if you want to ask a question or start a discussion! Also, please don't downvote questions!*

**A big thank you to the many people who take time to answer other people's questions!**

For past help threads, please search the [Weekly Archive](https://www.reddit.com/r/amazon/search?q=title%3A%28%22Weekly+Help%22%29+author%3AAutoModerator&restrict_sr=on&sort=new&t=year).","I want to start selling my products onÂ AmazonÂ using theÂ AmazonÂ EuropeÂ fulfillment and I noticed that you getÂ PrimeÂ eligibility in the country your products are stored. So I was wondering if you are able to place products in multiple different countries and get the bonus of theÂ PrimeÂ eligibility. | 

Purchased a micro-needling device on 23/08/2024. Decided I no longer wanted it to kept it sealed in the box. Went away on holiday however for a few weeks & only just got back a few days ago. I opened app to place return on 21/09/2024 (within return window), kept getting a message saying the item is not eligible for return ? Discussed with associate on the phone and was told this could be due to safety reason so I reviewed the policy for exceptions and called them back to say the item is sealed and within the return window. They forwarded me to contact the seller and that the seller should sort this out. Emailed the seller who told me the item is covered under the Amazon return policy and just gave me the same instructions as what I had already tried through the app which I let them know off. They responded on 22/09/2024 night to say it looks like Amazon may have disabled returns on the account and they will look into this however I should contact Amazon. Amazon
associates say they canâ€™t do anything about this as now itâ€™s past the returns window (return window was writhing 23/09/2024) - despite my attempts to try to return the item from 21/09/2024 and multiple attempts at contacting them to sort the issues out. What can I do now ? I am from the UK. | Hello everyone.

Even though the title might suggest it, my Amazon account has not been deleted (yet).

I read that Amazon is deleting your account after an increase in returns.  
An email will first be sent in which you can justify yourself. If then the return process still won't stop, a new email will be sent stating that the account will soon be deleted. This also includes all sorts of other additions, such as content from Kindle, etc.

Now to my question, if the account is actually deleted, isn't it then just an easy way to just create a new account on Amazon? Has anyone already had these experiences?",want start selling product amazon using amazon europe fulfillment noticed get prime eligibility country product stored wondering able place product multiple different country get bonus prime eligibility purchased microneedling device decided longer wanted kept sealed box went away holiday however week got back day ago opened app place return within return window kept getting message saying item eligible return discussed associate phone told could due safety reason reviewed policy exception called back say item sealed within return window forwarded contact seller seller sort emailed seller told item covered amazon return policy gave instruction already tried app let know responded night say look like amazon may disabled return account look however contact amazon amazon associate say cant anything past return window return window writhing despite attempt try return item multiple attempt contacting sort issue uk hello everyone even though title might suggest amazon account deleted yet read amazon deleting account increase return email first sent justify return process still wont stop new email sent stating account soon deleted also includes sort addition content kindle etc question account actually deleted isnt easy way create new account amazon anyone already experience
"As Amazon Announces 5-Day RTO, Are Other Employers Rethinking Their Stance? - Forbes",1,https://www.forbes.com/sites/bryanrobinson/2024/09/21/as-amazon-announces-5-day-rto-are-other-employers-rethinking-their-stance/,2,,"To Amazon employees who think this is unfair, buckle up, butter cup. If you donâ€™t wanna work there because of the change, there are 10 other people to fill your spot. Amazon is a company. They exist to make money, and offer employees a positive, supportive place to work. At no point does working from home fit into that proposition.",amazon employee think unfair buckle butter cup dont wanna work change people fill spot amazon company exist make money offer employee positive supportive place work point working home fit proposition
"Amazon closing fulfillment center on Goose Island, laying off more than 200 employees",7,https://www.chicagotribune.com/2024/09/20/amazon-closing-fulfillment-center-on-goose-island-laying-off-more-than-200-employees/,2,,"Talk to me Goose. | Well, they have about quit fulfilling anything...",talk goose well quit fulfilling anything
The Amazing Ways Amazon Is Using AI Robots - Forbes,0,https://www.forbes.com/sites/bernardmarr/2024/09/20/the-amazing-ways-amazon-is-using-ai-robots/,1,,I love the way all these robots are making life easier for the remaining two humans....,love way robot making life easier remaining two human
Backlash over Amazon's return to office comes as workers demand higher wages | Ars Technica,13,https://arstechnica.com/tech-policy/2024/09/backlash-over-amazons-return-to-office-comes-as-workers-demand-higher-wages/,1,,"Apples and oranges . RTO is office workers , pay increases are fulfillment centers employees",apple orange rto office worker pay increase fulfillment center employee
Amazon announces pay raise for hourly warehouse workers - Fortune,178,https://fortune.com/2024/09/18/amazon-pay-raise-hourly-warehouse-workers-22-average-wage/,40,,Will the free Prime perk eventually apply to other groups or will it remain only with warehouse employees? | Didnâ€™t they just have a soft layoff using the â€œno work from homeâ€ card? | Amazon handing out carrots after hanging a giant stick. Restore balance they must.,free prime perk eventually apply group remain warehouse employee didnt soft layoff using work home card amazon handing carrot hanging giant stick restore balance must
When is Amazon Prime Day? Fall 2024 sales dates announced - USA Today,2,https://www.usatoday.com/story/money/retail/2024/09/17/when-is-amazon-prime-day/75266475007/,3,,Maybe run no commercials during shows - Prime day to go away for me as I'm thru paying for Prime subscription just to suffer through commercials every 7 minutes | [removed],maybe run commercial show prime day go away im thru paying prime subscription suffer commercial every minute removed
Amazon MGM Confirms Development On 'The Sims' Movie From 'Loki' Helmer Kate Herron,10,https://deadline.com/2024/09/the-sims-movie-amazon-mgm-studios-kate-herron-1236090704/,5,,"Iâ€™ll only accept this if the entire thing is in Simlish with subtitles, and itâ€™s played straight. | Yes, strike while the iron is hot. | Uh. No thanks.",ill accept entire thing simlish subtitle played straight yes strike iron hot uh thanks
"Amazon just announced the dates for Prime Big Deal Days 2024, its October Prime Day sale",5,https://www.cbsnews.com/essentials/amazon-just-announced-the-dates-for-prime-big-deal-days-2024/,5,,It will be held on October 8th of 9th | Is it for everything? I want to buy a yeti mic but not sure if I should wait,held october th th everything want buy yeti mic sure wait
"All Amazon employees will return to the office early next year, says 'optimistic' CEO",17,https://www.usatoday.com/story/money/retail/2024/09/16/amazon-return-to-office-policy-five-days/75253666007/,20,,Not if they can find something less sucky to do and it is possible to be physically present and way less productive because you're pissed off. | The current hiring emphasizes they candidate's willingness to come in 5x/wk | After reading the entire message from Andy Iâ€™m convinced this is a way to cut dead weight. I know for sure at there is a percentage of folks who sit at home and do nothing. Now they may also come into the office and do nothing but at least it will be easier to fire them. We could easily cut out half the DEI team (I am pro DEI but I hope these folks arenâ€™t making more than the average high school teacher) and save more.,find something le sucky possible physically present way le productive youre pissed current hiring emphasizes candidate willingness come xwk reading entire message andy im convinced way cut dead weight know sure percentage folk sit home nothing may also come office nothing least easier fire could easily cut half dei team pro dei hope folk arent making average high school teacher save
"Amazon CEO orders 5-day office return, announces cuts to management - Fortune",69,https://fortune.com/2024/09/16/amazon-ceo-5-day-rto-return-office-management-cuts/,36,,"""Strive to be the Earth's Best Employer"" | Yup, half my team already updating their resumes getting ready to quit | My team is already decentralized and spread across the globe, but sure, making me drive into an office none of my coworkers sit in 5 days a week is not only a good use of my time, but it's great for the environment. Woo Climate Pledge.",strive earth best employer yup half team already updating resume getting ready quit team already decentralized spread across globe sure making drive office none coworkers sit day week good use time great environment woo climate pledge
Meltdown Monday - Complaint Department,5,https://www.reddit.com/r/amazon/comments/1fi1nsf/meltdown_monday_complaint_department/,8,"Amazon doesn't read this, but maybe you'll feel better after posting.

**Important notes:**

1. **Only top-level comments are allowed here.** Any replies to comments are automatically and silently removed.
2. Please follow [reddiquette](http://www.reddit.com/help/reddiquette) and the [subreddit rules](https://www.reddit.com/r/amazon/about/rules).","5 Day work week from 2025 ! | AAARGHH.....

My SSD died, last night, so I ordered a replacement with a delivery of ""Today from 5p - 10p"".

While tracking it, the update changed to ""8:30 - 9:30"". 

* 8:00 - Drive is 9 stops away
* 8:10 - Driver is 8 stops away (on the map, 3 miles away)
* 8:20 - We lost track of the driver. Still by 9:30
* 9:30 - We lost track of the driver. Still by 10:00
* 10:01 - Out for delivery. Sorry we're late.
* 11:00 (now) - Out for delivery. Sorry we're late.

Does this happen often?

Did she just decide to go home?

It's late and I'm exhausted but don't want the box to sit out all night. How long do I stay up and wait for this?

Plus, I'm without a working computer until this arrives.

GRRRRRRRR.... | Used catbox?

I bought a PETKIT puramax catbox from Amazon, it was delivered in a ""UPS Store"" box.  I opened it and it contained dirty laundry, and a used regular cat box that still had litter and cat waste inside.  

Naturally I was upset so I called Amazon customer service and initially they just said oh we can ""help process a return"".  I said that wasn't good enough you shipped a biohazard into my home and I want it gone.  So they scheduled next day pickup with UPS, and they picked it up yesterday. 

This morning Amazon sent an email that they have issued an ""advanced refund"", and that pending receipt they may charge my card if it's the wrong item.  Well of course it's the wrong item but it's the wrong item that I was sent.  

Has anyone else had an issue like this?",day work week aaarghh ssd died last night ordered replacement delivery today p p tracking update changed drive stop away driver stop away map mile away lost track driver still lost track driver still delivery sorry late delivery sorry late happen often decide go home late im exhausted dont want box sit night long stay wait plus im without working computer arrives grrrrrrrr used catbox bought petkit puramax catbox amazon delivered ups store box opened contained dirty laundry used regular cat box still litter cat waste inside naturally upset called amazon customer service initially said oh help process return said wasnt good enough shipped biohazard home want gone scheduled next day pickup ups picked yesterday morning amazon sent email issued advanced refund pending receipt may charge card wrong item well course wrong item wrong item sent anyone else issue like
"Weekly Help and Discussion Thread for the week of September 16, 2024",4,https://www.reddit.com/r/amazon/comments/1fi0pzj/weekly_help_and_discussion_thread_for_the_week_of/,157,"This thread is a place for Amazon questions and general discussion. This is also the *only* place you may ask individual questions about delivery, shipping, returns, and account issues.

If you want to complain about something, please use the Meltdown Monday thread instead.

*Make a top-level comment if you want to ask a question or start a discussion! Also, please don't downvote questions!*

**A big thank you to the many people who take time to answer other people's questions!**

For past help threads, please search the [Weekly Archive](https://www.reddit.com/r/amazon/search?q=title%3A%28%22Weekly+Help%22%29+author%3AAutoModerator&restrict_sr=on&sort=new&t=year).",[removed] | Amazon pictures of the products wont load for me...i dont know what to do. Does anyone know what could be the problem? | I wanted to make an Amazon pay UPI but it doesn't have the bank I have as an option. I've given Amazon my pan number as per RBI guidelines. But I found out that it's not exactly what RBI said. How do I cancel their access to the number?,removed amazon picture product wont load mei dont know anyone know could problem wanted make amazon pay upi doesnt bank option ive given amazon pan number per rbi guideline found exactly rbi said cancel access number
3 Reasons to Buy Amazon Stock Like There's No Tomorrow | The Motley Fool,0,https://www.fool.com/investing/2024/09/14/3-reasons-to-buy-amazon-stock-hand-over-fist/,2,,Better believe I'm buying Amazon! (Through my s&p 500 ETF) | Puts.,better believe im buying amazon sp etf put
Streaming Sunday - Amazon Prime Video,4,https://www.reddit.com/r/amazon/comments/1fh9x4j/streaming_sunday_amazon_prime_video/,1,This thread is a place for questions and general discussion about Amazon Prime Video.,Go Watch â€œFromâ€.,go watch
